; Amazonas;Ancash;Apurimac; Arequipa;Ayacucho;Cajamarca; Callao;Cusco;Huancavelica;Huánuco; Ica; Junín; La Libertad; Lambayeque;Lima; Loreto; Madre de Dios; Moquegua; Pasco;Piura; Puno;San Martín; Tacna ; Tumbes; Ucayali; No registrado; Total
Ene-05;0.17747598;188.6711653;0.0046213;27.92751664;0.23633488;83.76016196;94.45961871;28.97917014;0;0.08961528;69.48929727;52.62868008;35.69619116;13.31461987;327.8988231;4.68426189;0.43190006;170.0050515;11.43615445;63.69917361;4.43784698;3.94542865;72.2144352;3.96391074;1.20100574;1;1260.35246
Feb-05;0.14609613;151.5668057;0;31.44148091;0.09542591;134.9715528;74.01205849;7.42876401;0.03528298;0.27758624;54.80528985;60.48788474;19.47024551;7.41558461;342.7912999;5.86212993;0.89065971;100.3969087;18.01980403;68.87047154;5.71325029;0.85441985;39.72895264;5.76003123;1.66693419;1.00019546;1133.709115
Mar-05;0.11884646;198.2916659;4.50036544;56.98445005;0.40723288;121.1802657;89.04394455;45.41003553;0.71745338;1.75166142;77.7718781;55.9758463;25.13556579;11.92601967;357.7328835;2.91966116;0.83693271;108.5127556;53.52801535;61.39738478;7.04592495;0.23765933;53.41822191;5.26865043;1.90673924;1;1343.02006
Abr-05;0.03829481;157.4776697;3.44882461;55.70698951;0.46353283;94.22573763;99.36981455;29.69912927;0.19681017;1.67901856;94.82684663;56.62911193;21.2015463;7.89074977;319.0488827;6.97668818;0.69469128;171.1663463;32.42971456;54.70853942;6.01351488;2.84387477;27.26353596;5.79736912;2.21709167;1;1253.014325
May-05;0.12459199;187.6913579;3.62304797;56.27676679;0.30110007;107.2318918;121.3199828;29.47844494;0.10205359;1.61485118;103.6746757;64.58658223;22.08969805;11.80042318;364.0642953;6.5604575;0.2996266;123.1254513;15.80426919;75.57468719;6.12706453;3.31858552;34.31132672;6.97126824;2.8583447;1.069;1349.999845
Jun-05;0.12578528;230.7692779;0;41.36397272;0.1706484;118.6308213;113.0425493;15.28153238;0;7.71280922;124.181553;62.79415419;39.72281697;10.96438005;412.8556138;8.57861383;0.20064312;99.31650316;40.91258096;41.08895086;6.73985286;4.31465752;26.94046667;7.93274265;2.63370512;1;1417.274631
Jul-05;0.25100082;241.3457327;3.3809657;59.48591541;0.61665699;99.3071738;117.3721032;12.29241857;0.0021361;0.28162892;136.8876509;70.99617387;62.79124251;13.57312566;396.9810245;7.46858002;0.16012453;155.791736;22.36964103;68.28428196;5.15504298;4.08271977;66.22988882;5.24063711;2.38204206;1;1553.729644
Ago-05;0.26326217;209.1408892;2.83877949;50.61869328;0.48255581;116.3662482;124.4094243;34.10513301;0.00785351;4.60389732;100.336144;59.81482674;60.62639874;11.88818593;401.9268569;8.3452168;0.56712159;120.3507641;37.50870985;91.28162094;9.71202372;2.55468944;32.14412915;4.06035388;2.66248009;1;1487.616258
Set-05;0.35541937;215.3668996;3.51315216;47.84766674;0.30197364;133.8558813;95.09496446;44.30976991;0.00889468;1.1701228;126.0713945;68.77926784;66.3361629;17.68370958;361.3852548;5.06247215;0.1975889;153.0317677;22.08311662;72.79510575;8.80127409;5.82336988;42.92119064;4.2083443;2.06852612;1;1500.07329
Oct-05;0.27305931;187.931252;3.32232331;22.22956604;0.28704061;148.1915124;132.7414236;17.60535502;0.0009904;0.70207981;107.613033;72.58488547;56.49807602;16.44629233;388.5190849;4.31551737;0.17372643;125.4326167;23.60453986;39.01773943;11.23022946;3.44307748;91.7344382;5.47240672;3.12879321;1;1463.499059
Nov-05;2.60653373;222.8196847;0.012768;82.4312958;0.41745124;183.1286707;76.66929122;38.51251057;0.053639;5.75406322;105.3158812;73.78285538;76.69555294;14.01313918;388.1930408;5.33415893;0;104.9742386;29.88031719;79.34262342;8.52301169;4.53411489;28.3412294;6.6437419;1.89924039;1;1540.879054
Dic-05;0.38692883;315.1132564;7.32549133;51.70441023;0.05112176;200.2770474;153.2927555;52.28597312;0;6.4705918;90.07865102;86.48332007;111.4577252;17.11946891;425.204678;7.70930763;0.11489437;248.5555506;56.2192047;78.74571189;9.7684672;6.13286589;76.3012045;3.97762155;2.97941486;1;2008.755663
Ene-06;0.26310886;197.8705736;0;38.87425101;0.42539136;120.8870578;89.40791989;31.88599087;2.05792008;0.14508264;114.4249865;80.10132417;87.24177915;8.58153466;404.457502;2.26512376;0.12095929;91.67822901;32.02989609;84.18518005;8.02316593;4.90444021;22.35428023;5.56755732;1.98205324;1;1430.735308
Feb-06;0.21284308;231.5226259;0.01038082;42.91851444;0.03740244;150.5504944;86.27119383;24.98176404;3.95735649;2.46786326;115.9671833;82.81136764;60.94071661;7.91672863;344.6654532;4.62445586;0.67236455;102.5048744;40.78098441;74.18955851;8.91706481;0.8595197;53.04609464;4.70774541;1.79587915;1;1448.33043
Mar-06;0.0000075;272.4583677;21.11138342;29.36735634;0.44621845;164.0549035;112.7278496;29.0703077;0.69105566;0.025125;104.4067108;101.1755802;69.20795924;6.6643645;392.7676808;7.04954084;3.17915943;192.127271;32.58770187;126.1753367;8.21753564;0.65458699;63.86602994;5.77010996;2.20360715;1;1747.00575
Abr-06;0.0765546;269.7988839;0.06748177;107.9979691;4.75776806;152.8582537;114.0336312;33.11211871;1.31820043;7.47083709;99.23923229;106.9391393;62.68244729;7.10219469;442.9974509;4.55425453;1.76786663;189.1923233;64.33650102;109.1344103;10.32885478;1.50841443;20.15184121;5.5380954;4.29846498;1;1822.26319
May-06;0.13065361;251.4735915;20.42592901;61.21836918;0.4187429;195.6835174;131.3452908;68.15175255;2.85578532;0.391288;105.2478446;106.834683;54.66278887;14.51037701;476.4786528;14.17767158;0.23277783;249.8599957;43.15219544;73.61515439;10.12182497;1.84953215;52.52117936;6.4096109;3.3471118;1;1946.116321
Jun-06;0.29036697;319.7345525;0.04634185;82.49746854;1.02501273;161.882727;127.847193;51.15704576;1.22691467;4.81351585;115.6887293;101.3530488;84.06967248;14.75577765;500.3428541;3.10705676;0.30618861;198.1462854;80.65087409;132.7732663;8.22363648;5.67364555;40.59831069;4.324172;2.37922627;1;2043.913883
Jul-06;0.53958846;389.8945072;20.21498303;77.06899463;0.75875861;129.0162404;166.3692622;81.54268426;2.57902476;3.05673088;165.1638372;123.5795912;122.7827147;19.99122496;542.1211607;10.17884172;1.04965883;250.2734087;69.69778468;131.0477231;11.88731401;4.36113896;32.63982286;4.54204714;3.18857564;1.0005;2364.546119
Ago-06;0.60863312;411.0644693;0;22.06972473;3.05357965;110.6287124;119.1065273;49.30219234;4.72478876;6.19126029;125.6059775;118.3243488;102.4438736;19.28761915;527.2853924;9.60740502;0.74715623;161.4375533;76.99712532;93.85637671;12.02848125;9.14994256;25.58457212;4.83013647;4.40307192;1.0022776;2019.341198
Set-06;0.58635384;279.9501627;0;141.4188386;3.20169097;146.7646459;120.8264343;73.64619513;0.69752707;3.83562288;113.7541359;99.26650274;120.7024841;23.925463;456.3714244;3.53649479;0.63461616;319.7305483;68.93889194;102.2467783;9.94735083;12.47871895;55.79090302;4.32315;3.12359861;1;2166.698532
Oct-06;0.85520271;311.1420244;23.93728782;88.99311783;0.15129413;104.7825017;117.281059;51.07822253;7.70790631;6.22181376;155.0994017;154.6865038;77.73825468;25.93941374;573.1367852;6.43712792;0.68552551;155.7294492;66.82153551;85.54350463;15.59459852;6.68152589;19.30320845;4.83627146;3.93529883;1.022;2065.340835
Nov-06;0.55287018;346.4032886;0;70.4171998;0.27797295;115.3672335;122.6462632;49.34159547;8.69855339;6.60678103;136.9458944;109.3879832;123.3034066;25.81939235;592.134697;11.3943867;0.91604061;252.5077186;72.13460917;54.01844575;12.24973474;7.44816141;58.09972091;4.6515117;3.34286933;1;2185.666331
Dic-06;0.80297878;397.0532869;20.03656296;71.8056355;3.18728443;110.4740419;189.6625772;88.09067871;3.34731805;10.44394403;159.1376285;115.6450882;114.386282;22.17672901;612.9978532;5.30535376;0.40288942;261.0546453;182.2969859;138.827821;12.52265327;8.389718;35.0782405;4.51576645;3.27915247;1;2571.921116
Ene-07;0.39282937;194.5981986;0;89.47248787;4.32010119;77.61029758;94.64220812;21.08128148;6.08420734;0.11236175;158.1501912;119.2324647;97.85136376;13.42490941;503.9876336;4.1520372;0.46978517;116.2382061;31.5198983;135.7935687;11.36516291;4.12921807;55.29407091;3.92047782;2.36314117;1.00525;1747.211352
Feb-07;0;296.8539426;0.0182121;109.0202752;7.53035186;83.99225691;142.4060788;19.40837771;1.55452395;0.33256;103.2701794;107.2925517;98.35980296;8.55629169;504.1287108;7.098636;0.10386955;117.6856086;72.62114102;125.675527;12.93539942;10.35522018;69.32653027;4.24106856;3.04664982;1.8;1907.613766
Mar-07;0.01946;335.4618263;0.29445;160.8356522;0.1458;124.1576892;122.0895725;20.51165812;8.33728511;5.87495863;114.9715046;126.4779272;126.582801;7.49521641;521.1792961;4.16680794;1.5105402;100.4295034;66.21076013;96.25253126;9.39139608;3.55863353;101.3150892;5.49994624;2.90783615;34.1184871;2099.796628
Abr-07;0.05668547;279.7061559;0;142.225113;4.20648478;61.7068094;148.6965344;51.61243039;1.1967383;0.24223205;122.834011;128.6703672;94.77514753;5.74276323;577.695348;4.48150452;0.17654902;224.8913696;96.90489735;96.6112553;11.65002757;1.10455785;56.42730571;4.79697823;2.87102204;1.00095777;2120.283246
May-07;0.33301244;352.9032231;0;111.9501313;3.78239779;74.21931387;157.1061248;64.77134271;13.77854094;3.95026439;141.9540829;133.1535298;138.8738019;10.30867935;508.4823129;9.38720386;0.44178604;182.9412136;67.88660903;101.4054821;18.02219215;3.74257542;37.44372982;5.13973471;2.10385003;1;2145.081135
Jun-07;0;301.3383772;0.001865;234.0806287;0.58462672;77.80202555;158.6912442;67.6405442;10.8022015;6.64956334;138.0876473;130.2017568;101.2554435;10.22942959;638.6456683;12.06869406;0.54541745;284.5821051;106.3746321;112.030828;10.03067927;3.65447309;42.76356478;3.99481815;2.73742261;1;2455.793656
Jul-07;0.23970195;417.8173758;0.0126;224.2781044;1.49368064;59.21092406;200.3883893;52.1745882;5.72099113;3.33367756;205.7480333;173.4217817;79.05829841;18.94747953;769.5111364;7.59620549;0.7932721;195.399174;65.24488292;134.0242629;13.25536388;27.89659638;48.26447949;5.20941045;2.98231042;1.00359866;2713.026319
Ago-07;1.15308301;437.0493416;0;162.9816006;6.37828717;97.9984492;158.5922469;56.48395815;12.32572564;7.72592556;127.0659715;128.0233776;113.2294315;28.60872969;560.0283587;6.56608755;0.92855748;155.2521076;63.74087778;126.4003545;10.78966751;11.02521124;94.83191159;3.47214787;2.67296645;1.001436;2374.325812
Set-07;0.63385046;301.569697;0;241.6737543;7.39214505;109.979683;143.468701;11.81562626;3.24357888;1.7955525;138.9461618;133.7820576;141.2288661;25.65691426;640.7316454;6.22739804;0.95651331;285.6472561;79.86289669;143.4678485;13.24093063;9.96130471;105.4486183;3.85657003;2.44760498;1.0007785;2554.035953
Oct-07;0.44495738;412.7842758;0.01716488;143.6537764;2.42650592;80.78224793;183.9539191;111.7152859;12.53755301;5.81995405;188.9899419;153.3590497;111.0824386;20.62296468;777.31746;9.00942442;0.71102883;164.0451848;72.37572502;139.0875581;14.41157541;7.99056487;47.27357496;3.67142447;2.83993542;1;2667.923492
Nov-07;1.20176221;296.1686503;4.75530942;245.3535431;6.00916309;148.3630757;173.5529611;43.77179075;12.42995651;1.31466581;155.9925941;88.72358616;97.21445897;19.19757037;567.8095557;5.57843802;0.52289973;276.1721784;22.28388402;104.8942306;9.30039465;9.14899185;60.60523593;4.61092011;1.88144198;1;2357.857258
Dic-07;7.61571129;381.4549818;2.99641508;189.3090993;3.13136542;176.0647016;208.7193251;26.03361432;22.02236224;4.82944994;206.2325565;156.9970139;176.9763132;29.34826203;803.1425449;13.19974401;0.80160903;229.5361575;58.85684341;173.9823256;12.14176465;4.36557859;54.01380384;7.00156698;3.86500641;1;2953.638117
Ene-08;0.36910311;307.9379132;0;146.819411;11.53223114;102.7293768;240.5974182;75.04716331;9.01214366;0.71885426;203.8414772;128.4450143;130.6826333;12.36676437;697.6184475;9.62238308;0.64686815;174.0416782;35.97930183;165.262249;13.88206863;1.87413093;69.41128807;6.92523041;4.90357771;1;2551.266727
Feb-08;0.25675187;245.3283413;4.88398578;198.1623049;5.74099131;216.0542453;200.3361468;43.54908568;2.5267674;6.67688118;146.1320109;112.1631773;150.6871279;12.25613326;598.7380643;5.45627315;0.71031099;226.4458775;59.97108197;159.330193;14.44494704;1.28731339;63.17843484;3.81925349;3.52657406;1;2482.662275
Mar-08;0.0437628;381.4594627;3.7012095;264.4411092;2.52464828;166.8734873;180.1828659;48.87334845;14.05886764;0.54222379;164.1891896;150.0804418;161.0283174;8.61996377;675.2333534;5.78044336;0.70201156;244.2150239;55.43248798;182.2170628;13.20804758;1.39373998;30.59369348;7.65828444;5.160504;1;2769.213551
Abr-08;0.04936146;458.4131977;3.94769796;176.9601581;5.69295348;81.47612805;165.844022;47.85775999;28.16583164;2.98450871;175.0098726;112.6174392;128.3786112;7.28479912;728.4287066;15.24265584;0.49088957;236.6204464;57.56231815;160.5188184;28.79062795;0.92084643;57.57202001;6.64464898;3.61384833;1;2692.088168
May-08;0.13859248;500.1417219;0.0690629;252.5321345;3.1269855;175.455759;219.0419249;44.74558924;1.88409795;4.02523099;167.0319503;129.825985;141.031338;10.81100831;755.7434244;8.37956922;0.57909885;238.8608068;22.54434436;122.8760666;13.82773012;4.34760131;49.29178984;6.0083238;5.69159222;1;2879.011728
Jun-08;0.16004349;416.4321982;8.39238523;194.4286848;2.18612979;169.8770191;271.2911232;27.19880018;0.62876391;1.45388476;213.1926325;121.1143376;136.1540768;17.20710205;742.0370277;6.03209482;0.61748297;184.7582546;32.40229852;192.3861826;16.96960995;3.53340378;38.81003181;10.20761078;3.86585208;1;2812.337031
Jul-08;0.26300466;462.6091744;11.34585224;221.1405954;14.40815512;154.3320392;260.8595268;20.76837976;36.21685317;6.64359643;185.8567731;155.4083634;130.9005129;25.26560726;795.0660228;8.26823049;0.81383159;211.1355972;53.3639822;168.5978281;17.00965732;3.87453566;54.02585731;10.32661152;3.40115587;1.00352146;3012.905265
Ago-08;1.51221452;330.8671706;3.17455485;266.2451676;3.75301989;138.6602498;256.4738534;31.91327754;3.93135959;4.20226778;235.1977002;141.7489786;180.7352478;34.20326215;730.8998357;10.87145762;1.09291112;171.3444201;36.57416616;198.6046402;12.90375533;8.10680234;60.0439457;7.57392815;3.87183967;1;2875.506026
Set-08;1.76196543;275.162032;5.54769703;255.4453854;12.13637776;157.4355893;186.7019157;88.96496051;13.83918789;5.93860173;189.7569078;139.2095337;188.5557383;22.53575023;715.4936234;5.59187964;1.84099931;113.5667549;66.10923792;105.2493999;20.03311157;6.36762786;26.80839894;7.29599577;4.43399916;1;2616.782671
Oct-08;1.49837856;236.2711301;0;159.7730586;5.51565787;130.3754717;139.6617072;21.27425335;3.09051161;3.44125946;204.4857117;102.720758;175.5449047;28.85365719;692.7952213;5.00623411;2.68495286;129.7314868;49.40055974;131.2419487;19.75630562;12.7869076;27.00621196;4.91836108;6.40254159;1;2295.237191
Nov-08;1.47402489;172.4745253;5.4520599;157.5160355;3.53758437;81.26575621;145.9602925;43.6185499;6.98087274;4.09654304;190.7342472;84.769908;169.2615785;21.1203451;672.7538921;3.47356855;2.83875159;127.0737682;38.51716853;79.7920484;19.16705596;10.75997788;13.87314513;7.3102761;2.89199692;1;2067.713973
Dic-08;0.42152853;188.3851996;12.93018962;142.4480184;1.00888751;115.6975423;106.0561539;26.22190701;2.75690273;6.98145541;173.4868612;95.11632337;162.6523829;14.72473892;638.8728306;7.62488479;3.51092901;105.781282;34.74177359;74.9833493;16.82692123;5.71943436;16.86028042;6.50156521;3.58085825;1.04620749;1964.938408
Ene-09;0.51139928;168.4733215;0.0639375;81.67119613;1.08189298;126.6207957;96.34266385;22.02206249;0.68704547;1.30341918;180.6754801;74.48418098;125.8392876;9.74300699;492.5994032;2.70972134;2.38644356;83.35273151;17.87345698;82.25106808;24.36187613;5.16648433;17.04272718;9.66749664;2.79270119;1.001295;1630.725095
Feb-09;0.33617325;175.8586649;6.18805583;146.1669816;3.80160793;124.8654222;145.2823815;15.84244655;7.16760439;4.74728538;157.1982599;65.75542013;139.0671912;11.34934706;524.0412073;3.4557872;2.19986496;108.4995462;31.08471788;71.98959895;35.32585589;1.73104939;14.86594367;14.35537692;2.95015126;1;1815.125942
Mar-09;0.05731023;211.052406;0;127.604643;3.63763271;186.3903913;132.1730516;34.83295007;3.70671751;0.99299945;166.4714595;83.13849148;143.9082369;10.39420152;552.1969064;2.28101046;2.46951098;104.878163;34.51169737;112.2701982;19.83628808;3.54530804;6.76737701;15.82268765;2.98239495;1.0839488;1963.005982
Abr-09;0.00005346;154.1064932;3.7714612;145.9728585;1.07081687;175.2842965;119.7630565;15.63923392;8.15973545;0.93530022;148.9362434;32.92580075;131.1732124;8.05365965;526.4746124;2.40251716;2.4417704;130.888209;44.5503686;84.14523223;24.30695141;2.59062633;11.51123716;11.44297072;2.47986032;1;1790.026578
May-09;0.07312595;218.2391245;7.16574217;167.3902052;7.46887639;180.477771;180.7979683;13.79095652;3.39600833;1.05395959;209.3098219;57.93628997;155.9125997;11.87657425;581.4459146;4.53210257;2.39266175;160.528844;73.19230323;60.78940878;28.34863848;3.08422732;13.33063223;9.88178481;1.96312412;1;2155.378666
Jun-09;0.54063633;274.604239;0.000648;175.5436556;2.80571847;163.7756938;174.489797;11.0148269;5.67186286;6.98982328;178.3071023;52.43268579;190.5751276;12.0748259;617.4357399;2.42252953;2.70927654;118.8165471;61.37251982;76.77881935;23.37086137;9.27644369;14.20221806;14.31186257;2.64733805;1;2193.170799
Jul-09;1.491537;262.8171521;49.63237594;190.2898751;2.68258702;168.8872594;182.5152013;12.73679632;2.74487778;0.82282326;200.7583812;17.0529516;222.9630884;21.62802567;585.7852024;4.42338648;3.32945103;164.9945578;67.05709879;120.6382402;29.00329445;10.54246927;9.46772989;9.91084381;3.54446497;1.000864;2346.720535
Ago-09;1.83617307;257.0006844;7.16195548;212.4599076;3.45648178;211.8568369;186.8238654;11.88961093;5.48393779;1.70958096;212.2570706;32.26649707;196.4614438;19.10899118;571.2121125;2.35203004;3.52102919;157.6562623;56.55659874;120.2478248;25.13961168;8.88479552;14.86055909;9.02440565;3.50364349;1;2333.73191
Set-09;2.04469476;267.6679091;24.91783992;257.2025963;2.23105439;231.6152293;171.7157601;11.43085278;8.32243827;3.5891933;215.7682938;35.73729309;181.5008362;30.18204092;621.4941309;3.68134893;4.2067909;195.548774;77.4338688;101.4678527;32.3388731;11.85187742;18.48104146;6.18762323;4.57377481;1;2522.191989
Oct-09;0.99779666;255.3018948;7.66826565;254.7221246;12.63898151;220.3294673;184.6394027;10.13862564;32.12981526;0.5765583;200.0632477;61.08802019;192.1276015;25.10086219;596.9371259;2.61548017;4.58230032;262.9683614;73.741976;99.60287501;37.33010814;14.80712572;17.49841318;6.1020581;4.55977804;1;2579.268266
Nov-09;1.01716911;259.9513804;0.31529438;328.0355973;5.4847501;266.5745318;171.1204396;11.34432537;10.3885837;3.32798701;260.4139659;63.50782018;175.130032;28.54711861;586.5194908;4.06956345;4.72393584;198.4547212;142.4153069;125.0292184;30.88602152;13.55045149;15.91741974;6.04866585;5.22993406;1.34731418;2719.351039
Dic-09;1.50998507;411.6400637;10.54631325;306.2067583;7.33358007;243.200175;238.6236169;22.89418503;34.59888003;0.73564357;301.6166785;47.71399862;197.6848636;28.30166497;635.162255;6.59941396;3.85032873;210.7915008;79.80271605;172.1825166;36.39622202;8.34492141;13.8967565;7.24134649;4.2285688;1;3032.102953
Ene-10;0.2881248;248.5074768;8.41946495;250.7554024;7.70079198;165.2439458;183.0806016;11.60155351;13.68036895;1.31137067;262.2158126;31.165817;207.7927546;16.07050446;500.5104121;2.44143828;2.74131682;238.272099;85.79780989;136.0008181;28.75419237;2.64196467;23.13713604;7.47434606;2.83353429;1;2439.439058
Feb-10;0.29303688;282.3537913;10.37505657;256.3738494;2.90786444;222.9921648;210.4745299;14.05706629;0.79981702;1.14874155;323.5009465;38.60400404;207.9002082;17.11906233;549.7296089;5.68431974;3.29847739;197.7425719;53.09674052;181.0435575;34.12344419;3.93690434;22.15179581;5.55017279;3.67609077;1.0065;2649.940323
Mar-10;0.07252795;303.380478;0.00626;316.8082807;10.59039437;198.9897076;228.7129123;13.73237411;10.54447484;9.54507547;284.6947384;27.96554327;199.5802764;13.28567793;633.9023256;2.23052063;3.70900762;252.3408267;90.11217256;138.369946;30.64259454;2.04010774;31.67588998;9.48320824;4.46740213;1;2817.882723
Abr-10;0.13520349;311.613574;14.19776286;287.3709878;4.06696182;169.9454297;161.8571923;12.06739338;4.87823551;2.66144741;322.5548411;26.85448166;171.9772694;12.48898709;618.6222315;3.04239748;4.15498492;227.9303083;86.8379765;140.4311944;38.69874174;1.69190063;33.00791861;7.59354602;5.85855626;1;2671.539524
May-10;0;238.1516689;6.40450883;192.2433099;4.54198006;173.6865689;203.2615854;15.60145618;2.43439418;0.63012482;238.9749874;16.15058132;165.679435;17.30992123;562.7463817;6.70103585;2.98229345;254.3234766;85.07096758;115.134367;35.01583536;8.09920638;33.83755002;8.46734776;3.32413103;1;2391.773115
Jun-10;0.40721941;303.3043265;10.24853932;300.3930539;14.98667554;238.3518997;318.1043907;16.46351903;9.86910589;3.3350953;333.4119876;44.70308645;253.9057113;28.9877968;757.851184;2.93643599;4.30632364;168.5451474;92.60249763;154.7696737;37.92512193;10.93874045;30.52918274;11.6637117;4.82342206;1;3154.363849
Jul-10;2.0580154;456.8105842;12.45764504;285.1177272;8.23091248;200.7805358;259.8873507;21.54942561;10.78852007;2.37030488;322.9512463;35.11958811;181.0400317;32.15033417;719.2949475;6.44269669;4.17834691;209.5415765;44.66208386;106.530686;40.95931454;12.79617634;48.75828615;6.48638423;4.18538965;1;3036.14811
Ago-10;2.02218203;279.7695273;8.33184635;301.2747455;10.83998554;166.5623255;288.8251295;41.2186999;3.53901208;3.33991916;305.618664;50.57082237;159.1080347;35.78112554;786.7301734;2.14160408;3.84562662;237.12849;82.62550684;159.1467484;39.21653795;12.41023951;47.30679824;5.06795579;2.4598212;1;3035.881521
Set-10;2.73162212;457.3455215;3.12549143;324.1970953;10.17687103;264.1437813;293.2874269;41.53017564;0.97363943;1.78540455;390.1699535;31.58321028;201.2730226;32.46057464;778.1102469;3.84032018;4.38685421;145.0664479;72.52366866;115.4553275;56.01332522;9.27736355;61.11964931;6.96865872;3.14361928;1;3311.689272
Oct-10;2.61515958;326.6117404;8.85743085;303.2921806;7.4112694;207.2320396;237.4517821;65.39287816;13.45466894;1.06140628;292.7951508;37.25660397;157.7758109;41.37958903;832.1714829;1.8340145;3.44048921;225.2465416;117.4404473;153.3191511;53.79114474;13.29317323;52.40659773;9.21064394;4.87704626;1.00096093;3170.619404
Nov-10;2.36941264;322.166366;16.01224737;380.7398352;12.52704049;249.3280988;225.881475;42.17330238;3.4196517;1.33790986;370.3976073;47.55368441;160.6593509;40.44894702;923.5418678;2.98128758;4.43729213;205.8681687;93.63848476;144.1266091;49.74348738;12.88575383;26.76502912;13.32476383;3.21119642;1;3356.53887
Dic-10;2.1042734;362.4128193;23.70231445;339.2612216;8.29455059;218.5480446;229.6564007;49.30128338;11.64794425;7.79386999;408.7611163;81.46907998;219.1359244;38.22025543;945.0642707;4.89381036;2.94394725;284.2175544;164.850126;234.2909959;49.09534637;18.60094956;51.91187099;13.12265086;3.55091539;1;3773.851536
Ene-11;1.01151416;353.0623145;0.00262;342.9834095;10.33274086;149.2870733;186.7250921;22.85668717;3.51715676;8.25811909;352.3199351;22.28458559;163.6124366;15.70801827;780.0287494;2.33651212;2.79775244;215.2945253;54.38064626;169.8813254;50.0329976;1.96049785;38.79474948;12.4734173;3.34869786;1;2964.291574
Feb-11;1.18554242;433.0801823;0.23824668;417.9766673;9.56638039;195.5868434;249.2779809;42.29533607;10.87427389;2.24171527;368.9131625;37.73421273;178.0532827;17.69591265;882.707417;4.23916269;2.43987748;206.6038601;24.70180973;184.5402384;71.52856631;5.4607279;17.13610649;11.50422243;2.15405058;1;3378.735778
Mar-11;0.09692063;396.020967;1.40053516;442.4652515;9.33703746;202.7877469;261.9099419;51.53400287;8.71538747;0.69158109;406.4013398;60.14183655;212.1130339;16.12636756;945.3124892;2.2400461;3.23932173;278.8895267;81.29760255;246.6741878;75.46318184;2.43851404;28.528735;14.25129503;2.60951646;1;3751.686366
Abr-11;0.08752748;283.2865088;1.66075672;327.6989554;10.35220414;234.2827679;186.545896;53.3609274;3.89556876;0.87446362;416.9229922;74.22066949;158.3417068;16.69876239;1000.60386;2.8780626;3.80150019;172.0850445;161.5499144;172.1206302;86.74870754;3.05818029;30.79526001;11.68863722;3.24038814;1;3417.799892
May-11;0.26076345;367.6329765;0;499.6945945;15.77841009;231.9921593;297.0708948;61.59685434;34.13284782;1.27862638;460.1018195;49.26625208;192.4797072;32.97444109;1165.744323;5.46875821;5.45978334;233.6433272;148.2731911;193.3637323;64.15006279;13.02316597;17.0141563;11.33407222;3.0983018;1;4105.833221
Jun-11;1.62183952;413.1765854;5.94084342;435.7616873;8.45950975;285.4651653;513.8837491;53.00326072;16.81609775;2.37429364;364.2552363;59.37547271;232.4814181;38.189649;1099.532185;1.12995663;5.05900225;276.3935181;40.99728748;212.0005988;74.37595677;23.41995808;25.465711;9.76628252;4.61920793;1;4204.564472
Jul-11;1.97997395;413.6592547;0.000975;337.0794207;10.66936246;201.4490746;325.9954636;71.88586674;18.17728824;6.28472303;399.9381584;78.67785523;205.4029299;40.93090545;1245.869709;3.28672145;5.52629068;240.3408801;172.1404729;266.9847235;81.78795491;31.48326678;20.4505222;9.98464321;4.10154463;1;4195.087982
Ago-11;1.17968837;408.3691656;0.000449;411.4368893;12.18461861;391.2548657;318.7716356;91.62232052;21.55984351;9.33533318;423.2406353;55.29893903;237.3452892;54.3708222;1315.910841;7.81478017;6.66479389;265.4738649;146.903332;223.6852613;77.02021675;32.03552023;28.12995936;10.8293033;3.49441542;1;4554.932783
Set-11;5.75185618;385.1472576;2.59928729;393.3699973;15.0676499;253.2110101;407.7525843;60.64913218;34.87925569;19.02258679;286.5463817;62.89734231;279.9010721;47.98607851;1103.1812;2.06073855;4.14326898;198.6807606;101.5077787;162.4564796;74.67652983;30.25964817;31.58683493;10.38950635;3.09694607;1;3977.821184
Oct-11;2.43574939;338.9238926;0;297.8732742;8.30358209;275.6614913;310.3217534;101.9867363;11.55063027;4.05082977;376.3575905;36.99266995;244.5086921;44.91616152;1206.685006;5.29697908;4.11319333;260.49781;114.1768514;145.0610759;80.67748794;22.37908915;28.03213721;11.02494241;3.24737606;1;3936.075002
Nov-11;2.87523645;248.3172241;3.42257031;301.2562559;13.2337982;233.4918314;247.0288765;37.54922629;4.28219202;3.42389492;281.3558245;39.82102148;219.3199119;48.72477749;1182.831701;3.38394138;3.3742682;141.9263559;50.43072474;134.5651011;90.02427393;20.7052426;27.20528712;8.38528308;4.6138445;1;3352.548665
Dic-11;3.11108549;455.6185962;7.96792419;330.7632029;38.35180428;358.3855432;303.7522245;105.9891528;18.51971999;12.84007457;341.0764554;73.85613588;257.9070016;62.06247245;1264.793935;2.31386982;3.27157072;271.5816518;155.565424;298.2367936;86.03205156;26.37310104;43.21955743;13.72375065;3.4673678;1;4539.780467
Ene-12;1.63494556;418.5281166;6.26330558;299.1008154;12.21539216;305.7732034;363.5829922;58.890145;32.17227797;10.1225009;474.1839583;55.65313255;173.9605218;19.62484125;1075.545742;5.47679112;1.90019693;209.6080391;152.8802789;219.7868397;61.62357443;13.79744343;21.75342134;10.51121262;4.36371384;20.72237907;4029.675781
Feb-12;0.36916954;393.8266023;9.94052616;243.0262261;31.73954648;257.8533041;289.0804295;64.59866857;42.1856711;2.66820523;292.4187041;18.39048021;260.1727821;14.55177673;1148.978123;2.00310259;2.02985353;309.3272678;84.00610638;189.6228001;98.88557245;4.17279939;28.77196659;11.78127603;2.75930218;20.7280406;3823.888303
Mar-12;0.34958244;454.5245487;5.39535946;439.8431537;17.21759878;267.1418816;445.5640708;50.49209479;11.48727849;5.95024444;302.5507582;24.7337174;252.4858158;14.74922089;1199.230009;1.86599048;1.42390249;200.8672957;81.09303506;269.6882895;57.89850216;3.48781676;21.29179506;12.16519245;3.79173705;20.72237907;4166.01127
Abr-12;0.36998704;316.386061;0.02299631;220.6001075;14.05594156;244.8328571;254.8033414;0.8060722;13.55323965;0.90066378;251.128553;43.93656278;192.1795134;10.95792334;981.7251547;6.44676562;0.4967566;244.2491646;98.96984689;203.6119913;3.56494503;1.28538333;28.32086905;9.46834608;3.44811809;80.8605162;3226.981678
May-12;0.27658284;418.4426071;5.02163892;382.7507212;7.67257856;301.1688878;367.3675602;28.35315862;2.14729059;10.49799436;339.9730255;11.97782422;187.288472;18.37288444;1066.460936;1.92550012;3.45009233;202.2446828;39.19645041;191.3571111;6.84555442;1.01190797;26.943898;13.24247293;3.22232235;80.8605162;3718.072671
Jun-12;0.83086455;388.344149;5.55145178;350.1659536;15.11714512;275.1769659;489.5154769;73.63257756;2.60913242;6.40610875;290.7749347;35.57133437;235.4786146;28.43226495;1035.409693;4.68655697;4.48650556;184.7435973;94.23897891;203.8673325;26.90900882;1.50791977;20.55715512;12.96809449;3.38917918;80.8605162;3871.231512
Jul-12;2.35008571;513.556793;14.91949568;231.4208605;16.55680797;305.200952;344.6683569;39.5605162;16.9646879;8.4155979;323.0125678;42.88880152;244.0682238;28.90434668;1135.743709;7.04887633;6.23908516;237.0980271;127.8772383;211.3802117;54.67054002;11.69817985;44.57734455;12.65482453;3.23064028;99.92910833;4084.635878
Ago-12;3.67593133;408.9710595;6.80576971;335.4627625;18.08664668;311.2969844;394.5665273;34.29125485;20.20614954;12.15613027;280.9528232;50.35530775;262.6288985;35.38271398;1117.057107;7.56209886;12.82637598;168.5735212;47.41633857;208.6258041;67.36025199;20.60377608;22.594175;37.18897227;3.70501464;101.0387773;3989.391173
Set-12;2.29060175;385.1571058;7.33846534;394.7350191;13.11547005;270.1575259;434.6793625;86.56573641;1.18486615;3.43586641;307.5698082;50.6347452;269.8180851;39.00093739;1113.019838;1.57406201;11.73587673;251.4169421;115.7770348;212.3832553;46.22356008;24.0980547;30.16655183;10.67871386;3.10548474;99.94162978;4185.804599
Oct-12;2.92039644;554.6540987;10.59687347;274.0335406;11.96600118;225.8116763;340.0386112;52.71188665;24.76491673;12.93261747;340.7001948;65.28094818;275.1630912;54.16357266;1091.197017;1.6693069;7.38320606;106.4163679;98.90697841;283.9970969;41.71080468;22.19015084;16.89891484;12.16209902;4.94040689;150.4525738;4083.663349
Nov-12;2.2034058;443.3140497;6.66259011;252.483983;11.79186485;307.7737689;304.5744016;49.55214559;13.26843922;7.73020674;378.9047182;70.51765903;287.8372496;35.03071892;1034.334565;1.31446691;11.37762874;191.2633234;62.46566626;311.7787499;37.55956298;20.68806205;22.0816172;11.36203173;5.08148158;150.4525738;4031.404931
Dic-12;2.6023278;353.1354306;7.59509541;364.9604429;21.06097704;215.7040756;477.2680347;68.64594832;32.1423434;1.99727561;377.596981;32.84465947;310.5338649;36.15045551;1058.95436;6.07179295;4.37060278;207.1134697;110.3292201;261.7196839;41.76022386;8.35376414;26.95547301;15.78174851;6.18338784;150.4525738;4200.284213
Ene-13;0.71930498;247.4214449;5.09921826;297.1087063;10.92849367;236.1198747;217.6698348;51.10330915;21.42658146;2.26156177;442.581848;26.11537547;221.0655035;17.9942495;928.2976557;1.75145346;13.49955638;199.3949946;179.6610394;226.2357468;32.41866895;3.56505295;25.40684512;10.72652253;4.42156955;70.20769904;3493.202111
Feb-13;0.66508036;249.7911042;6.58512858;202.1553165;10.84598612;172.1737625;252.420225;143.9043814;13.58426059;1.64614888;365.7557149;76.5317519;183.1746174;12.68008207;855.808975;1.04763522;5.59832099;222.6231779;73.2269106;246.7860534;43.46153677;3.4904862;31.67152103;12.20979335;2.82283915;70.20769904;3260.868509
Mar-13;0.39636158;328.9864813;0.0899;341.4726663;13.25996772;228.5103779;294.7461145;69.87503557;8.06602776;4.02389928;364.9819407;90.13157908;289.2857089;15.50926183;959.4304361;3.5874099;9.09502077;180.3671913;120.9374685;240.5198317;63.09240284;3.02937754;39.4807218;11.07953105;3.65387424;70.20769904;3753.816287
Abr-13;0.55085567;242.2699469;8.95689533;261.2861116;12.36428825;185.0369646;176.3732599;61.06638178;10.61507248;15.43408668;406.61619;88.31231263;203.6474626;19.76499256;948.0453506;2.45451102;11.63583923;138.0631819;70.31051855;259.2778878;23.44015368;4.83724585;42.65179563;13.71950468;4.00065405;18.42022479;3229.151689
May-13;0.7741755;335.0777302;4.23253969;364.2642725;15.26299521;244.5721557;235.6790032;122.7586121;0.48724519;28.84622545;417.8734454;59.75010979;244.7862815;16.24181618;813.7904854;4.51403712;14.50340662;183.7704001;98.0121375;214.416117;53.17471186;10.64167574;26.39332127;15.19208534;3.60543155;18.42022479;3547.040642
Jun-13;1.52751351;364.1603549;4.24717857;303.4734576;11.09291169;164.3071766;268.956743;108.0745713;4.82188457;23.44109014;366.1254695;79.5180006;231.339261;21.4587525;796.1313155;1.94639907;12.00156942;198.6875633;61.88794491;218.9618713;25.95299871;15.68212851;24.84613527;13.19817719;4.40921681;18.42022479;3344.66991
Jul-13;2.48556418;365.1655625;0.5881055;292.7579828;13.30709818;154.0326791;246.0533709;109.0476407;21.72349386;5.24170237;450.4572709;116.5738203;206.9740729;31.82532921;870.2062665;5.70962269;20.05479568;149.9316411;106.7656995;180.0081604;20.67721964;16.26421167;35.94661831;14.71860595;3.57414391;4.81374108;3444.90442
Ago-13;1.90953901;579.3076425;0.3688734;324.4256333;19.28663807;256.430327;281.5764529;48.26729601;1.83662661;4.71588945;589.5403872;140.9424534;271.9599225;23.99313557;860.7424544;1.45003605;13.71006283;315.4174488;83.81411136;237.192486;49.0437513;21.84226859;34.64479679;15.10739193;3.82791776;4.81374108;4186.167284
Set-13;1.11621323;425.0955751;4.4332213;314.2628286;20.14451095;160.8858612;311.7354449;133.4808916;21.52723184;15.81898747;475.7690063;94.25585023;217.3864834;27.33958435;836.3186976;2.10073521;7.24215323;153.9358235;127.8775855;191.4741244;31.13251087;10.46236859;26.1252342;15.2425865;3.19437482;4.81374108;3633.171626
Oct-13;0.98198188;380.4103639;4.42332489;324.1392678;18.46222119;181.8394023;213.589016;114.9729914;4.15524744;3.79548521;484.4382475;106.8063147;243.2814801;30.58456925;781.4885948;6.52414499;14.45404066;326.2952296;60.13997442;252.2683675;41.96014655;12.57401898;37.96560616;15.02853991;4.12012295;9.584316152;3674.283016
Nov-13;1.26575567;368.7170356;4.76440067;270.683629;22.55899396;145.0828752;232.1052005;82.53282205;2.10006541;3.8383437;430.26009;93.44623143;239.3288893;34.56410396;832.7983276;3.75100107;8.09866399;126.5560528;105.7831638;307.49709;46.91286522;10.29138933;24.90767277;18.34030675;4.75432509;9.584316152;3430.523611
Dic-13;0.56365686;433.1580825;3.69546517;420.8052079;16.25172987;131.1364366;360.4118011;48.77804384;2.36358544;5.95310442;481.5083715;83.13505578;314.4082671;43.66558004;801.2847525;2.72207315;25.27460442;220.8608232;76.10264163;285.4426031;33.26281595;6.48919823;42.18591955;18.7212931;3.48247551;9.584316152;3871.247905
Ene-14;0.37948916;309.3924929;0.001387;280.0370118;11.11256882;140.5194055;198.2603901;117.5067649;3.99113244;12.59156381;376.7042375;68.78651243;220.3027775;26.26337656;679.2034052;3.1193127;4.0332989;179.6714826;75.84774311;249.8483917;39.11188727;4.46794587;37.29323988;22.02041266;3.25854287;104.9865083;3168.711281
Feb-14;0.13304848;371.1249728;4.2174015;189.4896631;17.32315085;158.4602674;305.6972748;100.6915769;10.05097968;8.63947307;410.6945307;80.83122901;195.1219213;21.51795829;713.4973581;6.64774303;1.42509487;212.6426048;67.97587147;282.6519889;16.53367483;3.23627183;27.30496053;16.01457318;3.32740542;104.9865083;3330.237503
Mar-14;0.00015015;359.121152;7.38358495;287.5242883;25.65591111;118.1035634;272.3612987;29.99738185;16.61041092;1.65991384;386.2565805;97.06891957;265.108662;20.71450595;725.8357737;2.35269441;3.42354633;143.9801704;76.42863846;258.9808879;23.84845099;1.950025;28.5013909;18.43891534;4.32392127;104.9865083;3280.617246
Abr-14;0.51284196;227.035914;3.90331112;216.9878284;27.92448656;132.0725294;269.9942388;106.7118035;0.27067548;10.98080168;330.5052492;80.33400883;180.5789404;18.08570292;714.5998929;2.62064438;3.60062889;248.0717984;97.15940361;274.2601484;21.16065464;3.25946808;37.07433001;17.50073173;2.89088126;99.05245375;3127.149368
May-14;0.1182045;218.4904452;0.12506083;310.2960193;16.17717012;124.3064959;223.4460061;108.2776512;10.33641902;9.48834265;430.2619408;85.05655249;251.8914677;28.70724801;664.1091495;7.45948241;5.70269991;200.0197754;69.17886558;181.6410293;18.90342657;7.60305203;35.66726263;16.56125327;3.15403589;99.05245375;3126.03151
Jun-14;0.388795;253.2191761;3.81292947;273.0374863;16.49327527;162.9847234;229.7197469;80.92134697;6.04473385;12.3872136;382.6828865;65.31933611;232.4329293;31.39057504;751.8856398;1.68591913;4.95794638;179.2380585;73.34629395;280.2075677;43.213016;14.58716812;21.70876654;14.82391583;2.60749299;98.91463327;3238.011572
Jul-14;0.235755;246.1364504;3.83768372;256.1459868;25.2052303;143.0655097;274.077066;150.5059388;9.27881002;3.0147659;417.5473389;55.92235355;227.5851597;34.44270699;840.6846773;2.81329997;7.93623135;216.7916936;58.28975199;184.3687615;44.45568022;17.44005427;37.27645842;14.77422615;2.78901748;91.04263044;3365.663239
Ago-14;0.20410943;308.8380311;2.52852499;279.8155752;30.2598696;174.0230283;300.5898077;126.4208001;12.08147086;6.73035091;304.0875321;87.50480657;243.0202076;41.11339488;880.3764718;7.91626492;12.86571568;197.9338844;128.471625;256.5341809;43.77758113;26.95077707;46.01728613;12.37965636;2.09110773;91.04263044;3623.574691
Set-14;0.34419551;210.5679523;2.49123754;219.4024175;22.30860039;213.4728907;196.493833;136.3800888;8.19914286;6.38044114;398.4738732;60.78147087;186.7008044;47.46074932;856.0291233;6.03145423;14.53104101;275.8039436;74.96396921;215.2372837;49.55411067;27.29314744;34.32190272;17.13397118;3.10977505;91.04263044;3374.51005
Oct-14;0.20340305;273.1708645;2.57131715;247.5252623;21.48125896;195.1456213;202.2002203;107.3782866;6.28054199;16.86900503;324.1374345;63.63529126;218.9067451;54.91870908;947.9843117;1.45479542;19.62726057;154.5238871;82.17228128;242.0308952;35.01027117;22.77209232;38.19030172;14.35722378;3.31024459;67.00041837;3362.857944
Nov-14;0.51117878;243.952089;2.66734601;235.5442805;19.44782077;207.1719713;225.6171394;95.67806899;1.39465108;1.05893757;320.6530662;74.71351894;215.132353;59.98847181;786.0601953;2.75852818;14.69787491;153.6617996;87.99282815;263.7070122;14.75721195;19.65297165;27.57779404;10.40343289;3.11144461;67.00041837;3154.912405
Dic-14;0.88290036;264.3432105;0.1007769;274.7214421;8.30678866;194.9496637;266.8929026;86.72346844;3.31649043;14.75971114;326.6017652;65.09939079;263.1176403;51.69780651;790.5270707;10.04295492;6.59799652;237.3273592;70.65350058;278.7350004;46.98541128;11.8642687;20.3628051;14.7903153;3.36533713;67.00085937;3379.766837
Ene-15;0.31302327;188.6651185;2.54999988;216.8751889;17.7886498;149.6872343;309.2835365;55.15168205;1.07479005;9.87867324;360.0873984;48.70706664;158.0497554;23.93439785;650.4599016;1.54236434;6.28993569;129.3577008;75.04591672;201.5081758;76.37507758;5.76671482;37.0053344;11.82152061;2.48512392;81.70554767;2821.409829
Feb-15;0.56386332;207.5047029;0.24250948;184.0509582;10.79877557;143.2948134;268.2892094;61.4635253;4.98601209;1.98137001;247.5558992;51.15753791;242.0771738;28.9887064;597.1931437;1.29725372;12.79034133;160.8917584;56.27706969;210.1031451;42.30530072;3.53657667;29.18728289;11.38955446;3.39234278;45.42706834;2626.745895
Mar-15;0;200.5472894;2.37715756;232.9684328;32.65590199;120.7395365;214.5283397;69.16763735;7.38522122;10.56885524;243.8983728;66.17531025;195.4099679;24.17215801;652.1513526;5.83560982;17.30291581;174.4892119;94.16366745;167.3417909;52.7052747;3.83918458;27.35471247;12.97012427;3.58712564;66.47345797;2698.808609
Abr-15;0.0843838;156.218223;4.57893845;218.1932616;12.687478;120.926253;194.9783097;96.60363466;0.42756425;2.29639835;211.6315825;82.0349111;196.4295616;25.35004336;577.4301644;1.65893387;16.58874084;121.5760519;59.7486595;137.4742181;68.42519689;3.58446166;23.77347625;7.39789079;2.36330467;79.03977172;2421.501414
May-15;0.1823377;222.5696251;2.32152948;166.3879251;14.51493256;125.9441626;203.5819854;104.4116736;5.02380983;9.13948065;179.8502075;98.62510815;190.6589419;40.28713766;657.8286575;1.54920303;21.27293312;134.7381299;133.2302568;174.1559119;61.69539406;5.61037656;33.22038911;10.76637527;3.30953861;61.20934965;2662.085373
Jun-15;0.2343731;302.2496007;2.07941072;265.024814;20.31217791;94.60523415;333.007905;134.0676294;6.20696343;13.33356817;313.8329701;107.0560398;241.8252463;33.77099955;726.9509058;5.84044626;20.13612431;143.0670496;72.23237854;162.9983356;86.90654395;8.96521959;26.06582278;11.05696863;2.68614634;64.82918427;3199.342058
Jul-15;1.20911032;228.6236385;9.02266684;224.0871926;27.94630732;200.7309216;250.9072353;94.14066334;8.80116922;16.02270533;233.7583038;86.49223196;240.7769302;36.16058647;670.1111738;3.44004251;17.51278803;122.6636478;72.79304252;138.350921;77.02406805;8.51954286;25.84758931;12.09582756;2.32684856;49.65098298;2859.016138
Ago-15;0.85103048;301.6690186;8.15171065;235.4550365;28.86041002;145.9656821;303.1500555;71.8888128;14.62538281;20.72456854;272.2124217;72.49507877;196.7935883;36.52980706;667.6143332;9.94315467;19.19092193;237.7518146;88.50557759;130.3201148;72.17602159;8.45142702;29.76478643;9.35267975;2.18239622;67.20747211;3051.833304
Set-15;1.56033332;189.2618291;9.67275945;300.3478441;25.47481136;161.791214;274.7762171;78.90912671;4.65193004;8.34857243;175.7924367;79.85465433;201.5366436;49.326255;618.4955485;2.94951147;13.78445101;79.77664616;85.93804183;155.2060483;96.29127697;13.20736017;24.32220106;9.30262153;1.91824354;66.52690589;2729.023484
Oct-15;1.25644691;268.9568862;13.50578531;291.8850922;12.42843384;152.7467591;223.6498953;97.38893842;2.80972609;18.80147221;229.9780559;69.26471608;244.2394604;57.68473797;677.1571384;3.87579403;7.60141103;214.9688247;64.51700573;207.8909548;132.34129;7.16043771;27.44769403;10.43218453;1.68914719;73.9376914;3113.615979
Nov-15;1.54550933;241.6199847;12.76991996;344.0042408;13.34746368;147.4509759;173.6475333;173.5355126;21.32501758;9.96008103;246.4069349;83.9919338;187.6845172;65.15104676;600.3758226;5.04166878;6.44684855;109.9010029;88.76128727;264.1325975;75.38223786;9.44352544;19.51626398;7.87934604;2.25165026;34.13422946;2945.707152
Dic-15;0.95051254;254.8399406;6.52807172;417.684744;16.27385014;136.1625859;228.8967151;115.8567954;19.27848047;9.28514191;311.4203527;120.6324278;258.1292259;52.15626624;648.6954519;2.48912936;4.49090094;141.0809723;109.8151359;228.9794325;93.99356208;5.6676656;20.25811957;10.16493452;1.98833092;70.15824557;3285.876992
Ene-16;0.53176831;134.1032388;42.96538828;277.5938202;9.75658017;107.6494318;136.4176146;59.22680307;5.45346416;17.92254778;241.66455;39.52835485;182.2793273;29.34312251;536.6016911;1.95911141;1.52031931;182.6827962;34.77550853;204.7288153;128.131204;2.61005074;29.3360063;10.16946055;2.71022127;55.27490314;2474.9361
Feb-16;0.68969472;223.5664959;38.08898201;330.3704197;10.16594984;73.17569204;206.9842617;67.17586844;1.81405262;11.13575941;188.1959037;44.40016153;162.0527675;24.84367316;575.5198882;1.35578151;3.35304788;70.16706452;68.85401481;144.5602508;98.61032326;2.05606912;23.49930167;10.68962921;2.18956372;73.33289621;2456.847513
Mar-16;0;215.8413088;54.54824025;383.9888854;26.14325834;186.6490563;305.5083728;79.06621112;3.79373209;6.05145868;211.2726853;47.76665609;176.5903145;22.26491863;602.5072577;1.80106321;3.11428329;108.7995363;28.7497935;141.2795135;114.5313295;2.61603351;27.9662041;10.26283377;2.24779057;58.74754343;2822.108281
Abr-16;0.19625788;277.1326711;72.74209698;381.3618295;15.04313994;90.60962208;292.2901423;76.43709531;6.17189848;12.31868916;194.2365671;52.25782405;215.7351537;24.08255156;562.8200237;2.58457607;2.98324985;152.9182752;30.9128162;119.4729747;111.0155261;3.37510375;18.54215744;9.87690693;2.66781309;76.60714781;2804.39211
May-16;0.26018012;248.6368247;102.4873243;372.8403106;33.37121444;78.34937319;256.3977277;125.5300731;4.78679014;3.66572985;247.3056285;72.16383467;192.1334808;27.55986074;624.3906406;1.37274209;2.72167336;99.93372638;10.56895017;146.5856998;99.99267522;3.81447491;20.08867796;10.31322477;1.50941866;71.46762826;2858.247885
Jun-16;1.19213732;200.2843552;47.61142959;326.1509823;11.90585173;144.8179816;319.1290883;45.58737874;8.30837211;6.21027274;191.6532676;54.77151533;247.6955844;26.10073034;624.9985701;1.30652078;4.15956802;94.2586336;26.36653395;106.0345984;120.6929447;3.99036509;9.28655861;7.51426019;1.67338564;72.12774251;2703.828629
Jul-16;2.90912837;219.4723792;181.7664638;395.2237515;19.48467399;146.8108987;404.9086447;157.642884;3.1465928;0.70283891;251.5257935;45.6006215;226.0599125;25.3273516;752.1577465;2.9755404;2.912846;134.0920923;20.03897279;112.7860946;137.5321293;6.30071573;23.63891085;7.18202978;2.85200248;68.8366697;3351.887685
Ago-16;4.17230603;220.0077784;73.38587689;402.5526484;29.29682116;165.8631879;453.6119762;110.0183928;2.82530676;0.64150994;234.7583824;75.30590854;174.8805956;42.716609;759.4661941;3.68450748;2.28587292;114.2461037;6.56370785;121.7159427;132.421533;10.03340608;27.16922438;8.7941088;1.69656282;81.93521427;3260.049678
Set-16;5.55324438;254.4024512;124.1589773;348.1287431;33.36872348;130.5554751;377.7127743;73.29523199;9.14247914;1.18471761;186.4125761;68.51657253;223.6926987;46.39217095;762.0745956;1.28782584;4.38327437;140.534022;31.15754994;168.1617298;157.5001855;10.32978542;24.66202608;12.51478608;1.79779514;66.13155551;3263.051967
Oct-16;6.6481978;256.0511328;221.802489;406.1334554;22.14236777;141.7816252;368.0729584;157.2120484;1.99849412;0.93339555;213.4241549;74.69417323;273.8680565;49.25718792;764.9783562;5.43124102;9.07220383;135.9816167;33.49367908;174.7813495;132.5732676;8.53618637;35.54873914;10.13364906;2.43651065;55.03534327;3562.02188
Nov-16;5.2145579;166.5122196;239.7809477;383.9781805;20.21052575;160.9979336;368.1468642;113.8864911;4.12668338;0.79016199;254.6165163;81.46192976;223.054237;48.54424311;748.176673;1.68205954;9.53477866;60.36395448;29.95278673;247.0108444;117.4966156;9.83473012;50.55021102;11.36680782;1.09644757;50.75340518;3409.140806
Dic-16;4.99095712;259.5766536;338.9003433;418.9826535;30.64630125;147.8998187;483.4033662;108.3832937;3.52815119;0.73333272;332.6525755;139.2699775;254.7610906;51.91552134;802.7013469;1.89341002;2.42284735;126.0889216;25.39737255;337.0155223;140.505062;8.47891782;25.85016553;11.98848127;1.95035626;57.28594523;4117.222385
Ene-17;1.7461847;249.1100991;241.9096622;346.1725615;17.00553883;101.5508961;379.4571722;50.17306089;1.18992729;0.62140443;307.4823538;92.38722395;176.230641;28.82575146;758.4787669;1.5008869;3.41353956;85.98140815;23.27427664;223.6280073;103.881021;7.20215421;29.74034643;9.01916769;1.22793908;55.61703429;3296.827026
Feb-17;0.88167348;316.107863;276.1674264;357.8704528;25.89039781;123.6327657;514.144261;93.0450617;7.45600791;0.56709955;245.6012749;89.03579329;166.2636876;22.4669895;824.6281765;5.31175252;3.69885132;92.39883174;3.75860561;170.4534187;140.6688612;4.57582256;23.14569421;10.71905509;1.45205305;56.47206389;3576.413941
Mar-17;0.164386;296.3417176;222.9693554;409.1523533;15.74687207;91.48212943;407.7043257;86.71521916;1.81378926;5.98582966;227.7532273;40.91581472;166.4171495;19.93970877;772.2004804;1.6911486;3.46731618;132.5295319;8.25122908;174.3396237;112.6122474;4.72415418;17.28985723;14.69301473;2.21179886;63.04699755;3300.159278
Abr-17;0.22398383;296.5470164;142.7989289;389.0431261;32.66204513;69.17818527;395.6054591;122.7211424;3.99408983;0.27708255;272.727119;52.70133339;172.8798801;26.92608084;687.0767496;1.69445871;8.290104;102.3936534;3.28221608;120.1651567;125.6671894;3.05879875;16.14262707;10.59563579;1.67140731;81.32931618;3139.652786
May-17;1.4926617;277.9971911;239.3828925;375.7519892;23.3470697;134.2513271;462.2183901;89.87184654;1.30705607;0.71107257;237.4744662;122.8293522;242.5079778;35.30132391;787.1947095;1.57672403;6.42356165;126.2151138;15.63502783;139.6453447;115.3691214;7.56911365;18.11920949;12.83696312;2.05091141;70.0075854;3547.088003
Jun-17;2.57803466;372.1897247;216.048851;455.0350078;22.72074676;112.3954768;514.1592131;137.4125645;6.84234657;0.7138236;220.1043815;95.15002645;294.989594;22.10804142;830.4146043;1.44461687;9.76128697;110.7774476;19.97229434;174.7846184;118.1261614;7.73709939;19.65639286;14.1040712;2.24448774;88.06986419;3869.540778
Jul-17;2.08399423;234.3136574;161.2182481;357.5557295;20.75791681;130.0429903;533.1478357;64.00346996;4.76801539;0.84635406;267.1779917;56.60937947;232.5350397;22.41826505;835.5404999;1.53703505;13.51488939;87.09722023;26.19921129;148.195818;113.7318135;12.98741961;19.26643151;10.49113535;2.18418513;88.9549714;3447.179518
Ago-17;5.79683906;260.274847;274.5017054;465.5223795;44.18178102;162.1485619;552.4315647;147.8426093;3.12043655;2.98764059;289.5055027;87.92913527;269.6353478;28.97788656;856.7780864;1.29200283;7.58207597;97.4261652;6.20868135;172.2917305;149.7701511;15.38163455;26.90571198;9.58829019;1.91860834;127.4422517;4067.441627
Set-17;4.04114345;395.9857176;278.4241517;521.7095743;22.89803471;181.5817043;562.5870399;119.9326606;2.10883793;0.77859367;266.1367945;69.0044321;307.8646544;32.88706719;860.4646654;1.9659988;5.99294976;238.2603122;34.81509663;130.5181278;170.6246106;12.38662715;24.12716907;10.8224873;1.43687964;136.3200662;4393.675397
Oct-17;4.48166121;267.0154962;240.7827828;434.0761771;26.84955;162.4495772;560.8758522;157.2553347;2.39323178;7.4034534;271.358629;81.5147749;291.5174511;55.89803509;784.8632615;1.58254916;7.51592738;170.4076888;14.41840937;169.0262683;131.9536345;10.679176;24.83495892;13.9061402;1.03434236;92.4622903;3986.556653
Nov-17;7.40615394;344.4940607;376.8139114;455.6584263;30.19484799;138.6534524;522.2506227;151.5467898;2.37761772;1.01553271;274.0132712;59.49135874;251.1460852;68.64129879;846.1328256;1.61843565;6.46992036;163.2775913;38.90884666;211.3387637;136.9112841;4.53023723;18.44218767;14.28576784;1.87990939;85.59616281;4213.095362
Dic-17;4.24553725;445.3513258;172.1330075;502.3440611;26.48633916;133.4519113;582.3894156;215.7757245;3.87115895;8.09110754;431.4997604;69.21763737;262.5579605;54.54744464;881.0195953;1.15399505;4.54632501;191.4497077;19.63205507;274.0658396;142.1783339;5.03607745;31.14472307;11.765316;1.52250484;108.9595052;4584.43637
Ene-18;2.40446246;311.2117971;299.3908042;458.7579873;25.75498489;157.3873991;505.1850806;95.56134254;2.08550777;0.79298041;403.9208513;50.50383817;216.8896594;27.42477436;806.3984516;1.66286186;7.43325503;141.9901053;12.50856566;276.347755;135.8764713;4.80469282;15.21524132;11.34265155;1.14745706;116.6264324;4088.62541
Feb-18;1.72704697;333.9964527;189.2155191;343.3462925;21.68937442;69.32133016;555.2966858;261.5972099;2.39019552;0.73194324;263.9707443;68.34585959;214.3922733;32.43561663;686.2486636;1.1090451;6.27898723;140.7453869;5.07443329;202.5121039;139.9934123;3.56558913;18.79344933;10.76810456;1.23882947;96.19438764;3670.978937
Mar-18;0.55098758;415.2166126;199.2083695;530.8688246;22.98070408;80.91034122;522.3914268;178.475862;2.18256104;0.49280629;278.4767933;156.085758;187.6453502;32.07782941;848.9134228;22.3495787;7.26024715;151.380321;57.72172491;233.4065561;156.2441732;7.43731933;14.53618661;13.41269056;1.68707691;69.63523821;4191.548762
Abr-18;0.17338282;385.8820549;156.2126077;416.2653531;43.90327411;142.845987;491.9441708;146.6872824;1.88217284;0.98582837;275.4782196;98.96305688;166.7716607;38.69004626;802.1592035;1.39573175;4.57932757;193.9272951;9.6818504;191.4319466;129.0238189;5.08807112;18.23676107;11.25473512;1.96481161;71.75060615;3807.179256
May-18;0.72876418;468.8945153;258.4117366;455.3475928;22.19735313;65.83262471;565.7964904;170.5253806;2.81644314;0.83672522;296.1965315;85.80577425;245.0717524;53.51836874;921.1029737;0.61537872;5.51513499;162.987001;9.56686623;215.8464302;116.7459331;4.11295273;10.02635942;10.71815251;1.86704583;93.91841041;4245.002692
Jun-18;2.64217663;468.9894018;238.0561635;509.4847345;32.14144538;135.4080295;690.9655531;209.2706748;2.48518859;1.95119797;265.7610742;67.35644298;283.6698115;38.41868547;911.5345077;0.8100826;5.09986113;138.9694675;46.70246301;246.3403391;115.1379176;7.74876258;13.5628207;12.79435165;2.12205181;93.16973076;4540.592936
Jul-18;3.78071498;442.1767392;190.7559824;390.7243249;13.23038281;126.0967272;466.3567768;184.7248491;2.48266504;0.85606193;273.3416122;61.10660559;233.062064;31.90761784;975.818869;19.88245968;5.35417999;219.9103178;19.73035422;208.3507981;113.3714641;7.57897128;11.71761722;12.94434696;1.73886881;80.84219758;4097.843569
Ago-18;4.22205067;393.1394115;149.4096225;442.7239454;29.93140549;130.5129816;471.4732243;224.7854414;2.84061008;3.19376153;251.7319664;63.68399753;288.8361258;31.06837309;949.1328632;1.30331752;4.16881747;178.36027;7.40395043;209.1304131;92.83839587;10.1324615;13.2618163;10.78316339;2.02628986;92.46217693;4058.556853
Set-18;4.90747373;311.8606563;183.3000882;438.5805955;27.47847245;138.4566342;495.3223772;114.4083695;2.04230991;7.72451528;282.6113636;63.29763416;220.6787988;55.06714389;985.3047791;1.88514336;7.50478188;155.7289731;10.64691488;151.485919;82.81223238;6.14806454;21.07684865;12.31980148;1.74526878;103.479102;3885.874262
Oct-18;6.76398283;272.1439569;158.3471981;347.6383191;38.0158995;194.6906193;390.0831954;204.0263315;2.78264502;2.17326913;228.9462021;63.87591078;270.1451615;61.78864829;1063.883311;1.57487592;7.52675391;204.104602;8.94442934;219.1083124;83.31974184;11.41334669;14.77853704;9.40294851;2.2100208;121.4053257;3989.093544
Nov-18;4.74956393;348.8512239;282.4668048;453.3303179;39.29169025;141.2744051;435.3433706;202.8263824;5.15129607;2.3449282;218.3691119;64.30360419;238.0554185;60.0411252;954.3021849;1.79520676;5.4787624;185.3161951;8.72960961;256.1355029;70.71522102;8.3165697;21.22326077;9.80765594;1.8482883;149.1974573;4169.265158
Dic-18;3.90483753;402.0331361;277.0846488;447.4729225;28.95022683;153.0731592;491.1164543;173.1651188;3.05236187;2.88755836;343.8907646;66.17171165;240.9703554;62.32304393;881.3348315;21.06177614;6.19063369;160.6695423;18.59314507;314.5249297;87.15469721;8.34514604;22.22530976;9.75013791;1.38455612;94.96965975;4322.300665
Ene-19;1.78189122;274.426263;188.5922208;355.4401731;42.14376224;140.5733173;414.3285149;186.4374933;0.59652962;3.20438245;417.600814;88.89045949;257.1502518;48.64876733;829.4853661;1.46854042;5.5505959;167.1686217;7.31946705;261.9702204;90.62073796;6.43940745;20.13405627;11.46309094;1.40129157;120.4576681;3943.293905
Feb-19;1.75211653;329.2147067;72.11004138;418.6997592;40.0726115;105.7367372;465.0681318;145.102997;1.44161575;0.72660499;298.7080872;80.30107072;167.417603;34.50175474;833.0324942;1.31017704;4.89608551;126.334567;4.11101518;226.1147773;68.77036936;5.46266986;9.8345585;8.64860929;1.1516973;67.23018046;3517.751039
Mar-19;0.17665269;393.6183209;1.55287529;460.4811975;40.49116228;138.4818833;403.6875247;179.0051885;1.77610621;0.58715714;281.260178;81.66117711;165.8414575;41.68616198;926.6397332;1.86322436;1.54989708;154.8457249;10.64818534;274.9681927;69.39083953;9.14972443;11.93250472;14.09391303;1.54320695;84.92658689;3751.858776
Abr-19;0.78931278;359.5778575;97.68829388;436.8958024;25.7647979;120.9359933;459.5934969;145.3903422;1.06061445;2.36103711;262.8858088;43.87366379;176.1510013;48.95389841;905.2199163;1.60087517;3.61035135;265.6025093;16.23192217;228.4817154;60.44644884;4.22395806;15.56991342;16.36123852;1.65894097;79.88287004;3780.81258
May-19;0.83173064;334.9064288;263.7067851;323.380867;20.25175009;116.3987679;344.9971594;98.00679899;0.97666153;3.48903907;249.0758481;73.49252441;178.9785241;56.35546036;1052.470308;1.76368602;3.71730965;171.4005967;8.28364124;187.148881;68.5238619;6.44396558;11.8331935;12.1345067;1.21534267;109.9770977;3699.760736
Jun-19;2.55678318;292.0768328;205.5546423;401.9648028;31.44967397;128.2536561;529.3216542;244.6240027;1.08790402;1.24605003;277.4209135;65.9049859;245.3905297;45.5823761;983.4923621;1.55718056;4.67684659;163.2073386;15.61716855;218.4414454;71.34078284;11.2015285;18.44299025;13.85603866;2.48090233;118.1108904;4094.860282
Jul-19;3.83305771;307.0110566;157.5734605;328.7523286;21.17699459;174.0126291;443.2261606;141.3851946;1.95697266;0.74345775;344.9901549;62.25264489;273.4426135;38.65649587;1128.620529;2.00866044;4.71721194;271.1535028;15.8678884;238.782034;29.71466669;9.35459911;24.31420608;11.38432695;3.19377055;176.5839327;4214.70855
Ago-19;3.57389898;310.1200003;170.8054642;277.5387013;25.75023604;142.6593826;371.6301334;104.8012955;1.25209255;0.43831853;329.6547162;73.19258158;229.2721119;34.45885488;1097.122716;1.52576971;4.9213005;219.3193929;15.26407793;187.9293434;78.3435456;10.03995101;25.15335903;6.65044008;1.6706732;205.6646302;3928.752987
Set-19;4.78933284;283.4034478;165.2585639;376.9276938;22.54569142;157.8973424;360.621613;133.0817689;2.36257317;0.1858528;276.0468493;54.29853813;272.7920583;65.901496;987.6196271;1.96491394;4.62544614;216.9523695;9.93517076;255.8510849;100.7564528;8.6835889;39.88555666;5.43565531;2.04677081;183.8815574;3993.751016
Oct-19;4.6162054;344.2822248;72.74988315;410.0764936;27.52589039;146.3340782;281.4503858;99.23487045;3.20402619;0.67358525;295.3392192;114.5840902;311.3078402;79.12259515;1104.000298;13.22483399;3.26751224;250.7180219;62.01746555;268.8075224;106.4076883;10.22808608;30.3744984;5.8286226;2.05785967;110.9127964;4158.346594
Nov-19;3.59027962;252.0577576;121.5354004;450.532477;19.12377389;128.3572393;200.4841344;202.8373797;2.55660781;11.65268631;304.0973036;71.32777453;275.3271095;85.30398069;1040.150875;45.13474828;4.10776759;167.6169274;23.18826046;308.0748452;143.7351186;12.55323827;26.2614841;4.25452367;2.871818;120.0447019;4026.778213
Dic-19;5.33281886;417.2967674;417.3992145;386.707803;5.93448366;150.8389873;169.7873921;192.7510784;1.51550284;4.21814652;410.0036443;92.78184253;294.2910373;83.77210826;1147.834264;56.02650605;5.36906295;356.955673;20.62319813;345.2777274;98.72934329;12.32246831;28.3059978;6.87281171;1.82956498;157.2188753;4869.99632
Ene-20;0.94304752;311.0849783;226.3808767;321.0821743;50.31860672;121.8653631;180.3917491;139.2203611;3.20304313;1.65485727;461.2936898;81.91959178;274.9527922;41.13760526;859.6574996;1.02703338;4.4009725;116.9238584;66.33467724;306.0576398;116.5488155;12.50003756;18.79789087;8.5238087;2.24401463;168.8752646;3897.340249
Feb-20;0.45359779;300.7420877;133.5686721;301.39165;62.60641886;113.6089537;175.5169961;138.5563011;2.65676121;0.56255206;367.0769128;84.97724035;181.1566753;37.54283787;828.5630004;1.62820254;5.94142652;245.3723969;37.23860978;214.7521559;131.7116884;17.7813501;18.830641;6.62205703;3.63795902;140.8688736;3553.366018
Mar-20;0.42307901;300.0396306;143.5552831;244.2688943;94.35857944;76.0972077;124.9563572;141.9752373;2.92883916;0.69577587;230.1791743;83.35486808;150.1827011;40.20900131;748.2489168;19.57655898;2.98542715;83.2416141;14.89447167;153.1984349;59.42921395;8.34956474;25.84989233;4.12906544;1.82846966;91.95358513;2846.909843
Abr-20;0.70511742;182.5423949;2.30714621;134.0766593;35.91634931;86.77111664;88.18419819;4.618475;1.28897479;0.25234652;144.4675386;76.78068753;179.2595986;39.03073835;491.4820921;0.43837166;2.77632414;212.8874887;7.58411733;109.2788399;25.86716038;5.79515248;29.25231646;2.49778369;0.37102422;1;1865.432012
May-20;1.30471507;45.02755337;95.67712655;237.8304521;12.11099902;68.17142481;71.38057844;56.36102477;3.99768449;0.50290289;135.5428899;99.84092816;161.6932064;58.89360553;500.5063221;0.6247074;3.88193241;179.714943;34.20215698;102.4563452;70.25608722;7.11194541;43.23815599;5.31946338;3.63995917;7.536356757;2006.823466
Jun-20;1.19782592;228.4466234;248.5151484;292.5060707;46.25200947;148.3665615;96.55920792;172.7303915;2.8839557;1.00583867;184.9987077;34.40170502;251.7408498;52.07780038;577.8338172;1.44075508;6.59014772;193.9343572;12.17894392;118.1710545;98.45032423;7.532079;27.25130075;8.72107665;5.48842405;87.85574532;2907.130722
Jul-20;3.30668079;344.1681937;189.7919759;301.0552181;49.10816968;104.6011292;194.5054608;170.5098163;6.16671257;0.75251474;312.3491733;87.52137527;280.8032743;51.98887526;761.4200222;0.99764826;8.50250453;349.5096885;14.32110771;195.9063072;113.7725138;10.26603772;26.97292558;7.64861063;2.5997892;112.2139972;3700.759722
Ago-20;6.55847085;417.6324956;27.5860024;294.1693332;61.07929158;187.0246611;227.2184585;48.92514855;0.78192124;1.72250982;319.8166246;112.9084993;353.664923;57.94650698;909.1453749;1.14772246;5.94493919;100.8289955;36.78091934;186.9677484;164.5769296;12.17880229;47.08625082;6.08593783;5.12259687;64.25644638;3657.15751
Set-20;6.75661975;389.9892586;289.8360567;415.214738;73.1357512;209.1405447;263.2948615;234.898119;0.77836289;1.19998643;344.2064671;89.03893442;350.9784032;69.52048952;845.80233;0.83288301;6.3619233;186.2477493;30.73957523;211.0539491;167.7009954;13.03393553;62.55149251;4.8282312;4.323702881;59.54961924;4331.01498
Oct-20;9.841830062;433.4999379;280.5884253;417.9531045;105.0298142;187.033434;218.2298561;273.76303;3.03997445;1.26578352;373.3995308;108.7142952;383.4116906;104.7515232;869.4704563;0.91460566;7.67229797;229.951359;30.92095432;277.7442089;185.9642984;11.44522999;63.29151873;7.25450683;8.730514141;81.79969403;4675.681874
Nov-20;4.08628181;421.2571917;266.9230394;344.6488242;71.16682661;104.8665058;206.8182929;225.1611542;6.28230268;1.12245266;356.5382105;184.3840202;286.2216164;89.35522347;742.4765475;6.66731161;4.23237955;269.4505009;22.87442011;328.5094096;191.4824184;13.33912048;48.52096304;9.34811337;2.44731054;148.1715943;4356.352032
Dic-20;4.79708467;533.3528982;147.3680205;473.500373;60.7818657;171.4951677;326.5176739;186.7687984;7.073957181;0.90885089;516.3177624;129.1332952;316.8831485;76.40969488;944.6798955;1.86361824;5.25434685;314.2161555;23.72802042;368.3727165;126.4851835;9.988075968;47.78626013;10.18415908;6.209066809;217.8041665;5027.880256
Ene-21;2.8484475;418.8310243;146.4725163;379.2007672;74.1029666;107.2068493;252.9043892;217.5039829;4.11622318;0.26364812;712.4363085;204.3257434;239.546057;43.43830178;856.143588;23.35720299;6.29734615;128.4100897;50.07354515;275.6769461;159.6906324;12.69427127;52.86784005;8.82707984;5.78509506;125.1315881;4508.15245
Feb-21;1.2546104;550.2467628;298.7224855;331.1618045;63.84084154;139.7831055;334.5582246;187.3784643;15.07161011;0.66931809;506.1786215;97.74296821;243.7915974;39.93760099;817.7358397;1.13157203;9.59448782;200.7610106;19.69330429;229.3048647;130.4690802;9.106040377;72.18375633;10.72877235;9.12148974;149.9411892;4470.109423
Mar-21;0.76439954;639.6490289;334.8264639;442.7795156;59.3428885;76.5578902;340.759689;166.739577;7.401721354;0.795273431;465.5854354;119.473298;237.8044294;41.71359154;838.4009783;1.329631566;10.3918507;237.6798072;27.41676821;189.9947303;159.7987527;7.047438413;49.99556536;9.79685677;5.79535021;143.6801078;4615.521039
Abr-21;1.25665335;511.7914482;134.8329956;459.8307384;64.85028717;139.3279004;378.2636149;167.194627;2.336634371;0.7012811;420.6186469;110.765058;280.2952544;59.68903193;939.1019438;15.12446321;7.43131513;317.6627369;24.45095401;192.0909601;200.5859295;6.960029206;38.12090912;13.88299713;2.97542078;154.3019346;4644.443765
May-21;1.78967843;514.6316325;528.9153047;401.186423;69.37903926;127.979924;340.8467096;166.9242516;5.55932982;0.6108068;500.6763589;126.4016927;226.7491347;81.54180405;968.7244565;2.02242209;5.77247787;164.5920866;85.01286638;172.2855236;210.762832;8.819153124;52.56574162;15.29649191;7.59471388;164.7669841;4951.40784
Jun-21;2.39964563;559.6612998;395.0888093;376.64828;71.49989445;104.3489293;341.0429034;204.786318;2.91340399;0.58317925;518.3836891;107.1257001;333.1415656;82.72478812;939.8852162;2.36425901;14.16858019;179.1710201;17.21169316;169.291214;229.9708629;9.085801298;51.93587622;9.33908457;7.979504597;175.8207121;4906.57223
Jul-21;5.40750262;515.85839;227.5498822;479.8986196;69.15996014;132.2999269;369.1357255;83.18276574;2.656774723;0.82278694;523.515032;201.7073706;388.6581266;66.23892908;1037.928156;1.08862802;15.65476734;297.712678;15.24111131;193.4328755;225.2635735;11.3951736;36.24240031;10.92482712;9.42361235;200.7618782;5121.161474
Ago-21;5.24472159;591.1211421;320.7894499;502.2119552;64.0169689;174.1412565;366.3064954;200.0590958;2.46335577;0.5430132;638.2155848;205.4742122;385.9943461;79.60498093;942.987618;1.45274874;16.02136559;382.8531946;11.71806519;182.3098965;217.1026625;11.25197622;58.00027371;12.86300422;7.03687724;206.0310497;5585.815311
Set-21;8.15529418;530.0294937;216.2505156;602.5525162;65.90894444;136.6229235;318.6565663;283.6274393;9.313936208;0.21257135;485.430981;139.0611375;462.5898644;124.9504538;1281.752294;1.29570469;13.0252607;223.2498363;22.10526887;237.587916;215.0907616;16.20587146;59.86823397;15.28829945;6.51137062;248.2192261;5723.562681
Oct-21;5.735219172;450.1900048;153.5432958;529.4820891;63.69303714;178.3430236;380.4302063;154.6272979;8.43290615;1.085826;656.5048936;122.1499603;379.3684899;100.7648764;1352.200647;1.40414573;16.34191636;273.554749;83.88448003;295.9324848;212.0504533;20.18788797;47.37688085;11.3696633;8.03427109;259.0122966;5765.701002
Nov-21;4.36509938;627.7344997;251.9688331;394.864395;84.00287264;231.0515414;310.8015571;249.36699;2.282922344;0.35254348;559.2500876;88.58772243;307.4092155;90.00293633;1524.706059;1.688181265;17.9098139;446.2087034;32.57089607;409.0965677;208.2679767;16.5539772;63.85596983;12.45356771;16.55501249;268.0741767;6219.982118
Dic-21;6.496148276;668.123028;32.52898455;576.4084741;65.42733924;165.71168;399.4975182;310.3740872;2.972883994;0.59561975;803.5289694;43.28080712;351.3672145;94.74719608;1605.674738;1.41073324;10.54404714;292.4674418;63.60791935;404.53748;156.6708363;15.01502753;126.6783406;15.24832574;16.15116467;225.1052005;6454.171206
